translist	protlist	corlist
ENST00000454682	E9PAV3	NA
ENST00000329399	O00151	NA
ENST00000575335	O00159	NA
ENST00000525628	O00217	NA
ENST00000580904	O00231	NA
ENST00000357146	O00232	NA
ENST00000622613	O00299	NA
ENST00000629098	O00303	NA
ENST00000619562	O00425	NA
ENST00000414834	O00429	NA
ENST00000611968	O00571	NA
ENST00000567761	O14561	NA
ENST00000369266	O14639	NA
ENST00000586035	O14737	NA
ENST00000528657	O14773	NA
ENST00000370858	O14818	NA
ENST00000261207	O14974	NA
ENST00000614627	O14979	NA
ENST00000456575	O15144	NA
ENST00000547365	O15145	NA
ENST00000497053	O15230	NA
ENST00000336812	O43143	NA
ENST00000641811	O43175	NA
ENST00000566150	O43237	NA
ENST00000540504	O43242	NA
ENST00000361773	O43294	NA
ENST00000634634	O43390	NA
ENST00000615907	O43399	NA
ENST00000597926	O43615	NA
ENST00000512088	O43678	NA
ENST00000611688	O43681	NA
ENST00000407911	O43684	NA
ENST00000635719	O43707	NA
ENST00000448951	O43813	NA
ENST00000613370	O43837	NA
ENST00000493278	O43852	NA
ENST00000634903	O60237	NA
ENST00000450621	O60282	NA
ENST00000349379	O60493	NA
ENST00000616122	O60506	NA
ENST00000456079	O60568	NA
ENST00000587462	O60664	NA
ENST00000510490	O60701	NA
ENST00000531007	O60716	NA
ENST00000264904	O60763	NA
ENST00000382452	O75083	NA
ENST00000542786	O75112	NA
ENST00000517391	O75131	NA
ENST00000437587	O75323	NA
ENST00000520039	O75347	NA
ENST00000373212	O75368	NA
ENST00000551430	O75390	NA
ENST00000428154	O75439	NA
ENST00000646736	O75489	NA
ENST00000495548	O75521	NA
ENST00000527348	O75531	NA
ENST00000610726	O75534	NA
ENST00000457633	O75569	NA
ENST00000618741	O75608	NA
ENST00000422440	O75746	NA
ENST00000451391	O75874	NA
ENST00000344546	O75947	NA
ENST00000458306	O75955	NA
ENST00000524422	O75964	NA
ENST00000434381	O76041	NA
ENST00000284320	O94826	NA
ENST00000448662	O94875	NA
ENST00000448323	O94979	NA
ENST00000492739	O95168	NA
ENST00000301457	O95182	NA
ENST00000395802	O95292	NA
ENST00000626935	O95299	NA
ENST00000595782	O95336	NA
ENST00000375398	O95425	NA
ENST00000555729	O95433	NA
ENST00000450186	O95817	NA
ENST00000535724	O95831	NA
ENST00000434279	O95865	NA
ENST00000625635	P00338	NA
ENST00000277865	P00367	NA
ENST00000361740	P00387	NA
ENST00000546342	P00390	NA
ENST00000361739	P00403	NA
ENST00000389995	P00441	NA
ENST00000434819	P00505	NA
ENST00000373316	P00558	NA
ENST00000223836	P00568	NA
ENST00000442468	P00734	NA
ENST00000404455	P01023	NA
ENST00000600744	P01024	NA
ENST00000445623	P01033	NA
ENST00000401702	P02144	NA
ENST00000616970	P02511	NA
ENST00000347559	P02545	NA
ENST00000425718	P02649	NA
ENST00000577982	P02749	NA
ENST00000359671	P02751	NA
ENST00000441319	P02768	NA
ENST00000226359	P02771	NA
ENST00000392396	P02786	NA
ENST00000431944	P02788	NA
ENST00000542029	P04004	NA
ENST00000241052	P04040	NA
ENST00000428024	P04062	NA
ENST00000627059	P04075	NA
ENST00000376911	P04083	NA
ENST00000546087	P04179	NA
ENST00000252244	P04264	NA
ENST00000619601	P04406	NA
ENST00000628018	P04632	NA
ENST00000429938	P04792	NA
ENST00000497289	P04843	NA
ENST00000456400	P04844	NA
ENST00000266027	P04899	NA
ENST00000537345	P05023	NA
ENST00000494797	P05026	NA
ENST00000261733	P05091	NA
ENST00000571680	P05106	NA
ENST00000317881	P05141	NA
ENST00000555876	P05198	NA
ENST00000530398	P05387	NA
ENST00000482018	P05413	NA
ENST00000409333	P05455	NA
ENST00000372563	P05543	NA
ENST00000423113	P05556	NA
ENST00000388837	P05783	NA
ENST00000619952	P05787	NA
ENST00000373818	P06396	NA
ENST00000262030	P06576	NA
ENST00000462776	P06703	NA
ENST00000221476	P06732	NA
ENST00000489867	P06733	NA
ENST00000586425	P06744	NA
ENST00000523622	P06748	NA
ENST00000611659	P06753	NA
ENST00000430709	P06756	NA
ENST00000567213	P06865	NA
ENST00000539782	P07195	NA
ENST00000574914	P07237	NA
ENST00000637381	P07339	NA
ENST00000557986	P07355	NA
ENST00000400530	P07437	NA
ENST00000394934	P07602	NA
ENST00000572383	P07737	NA
ENST00000609181	P07814	NA
ENST00000532392	P07858	NA
ENST00000558600	P07900	NA
ENST00000449098	P07910	NA
ENST00000311672	P07919	NA
ENST00000393559	P07942	NA
ENST00000607559	P07951	NA
ENST00000366560	P07954	NA
ENST00000260356	P07996	NA
ENST00000523164	P08133	NA
ENST00000629846	P08237	NA
ENST00000620073	P08238	NA
ENST00000379806	P08559	NA
ENST00000617564	P08572	NA
ENST00000431168	P08590	NA
ENST00000224237	P08670	NA
ENST00000561157	P08708	NA
ENST00000455635	P08727	NA
ENST00000638501	P08729	NA
ENST00000515017	P08758	NA
ENST00000590990	P08779	NA
ENST00000444512	P08865	NA
ENST00000229277	P09104	NA
ENST00000625927	P09110	NA
ENST00000495996	P09211	NA
ENST00000215909	P09382	NA
ENST00000326004	P09429	NA
ENST00000288398	P09493	NA
ENST00000538225	P09496	NA
ENST00000502877	P09497	NA
ENST00000639772	P09622	NA
ENST00000550482	P09651	NA
ENST00000523016	P09669	NA
ENST00000413268	P09960	NA
ENST00000578590	P09972	NA
ENST00000498271	P0C0L4	NA
ENST00000302262	P10253	NA
ENST00000531306	P10515	NA
ENST00000374517	P10599	NA
ENST00000258424	P10606	NA
ENST00000392711	P10644	NA
ENST00000288135	P10721	NA
ENST00000471867	P10768	NA
ENST00000345042	P10809	NA
ENST00000522238	P10909	NA
ENST00000548438	P10916	NA
ENST00000324460	P11021	NA
ENST00000484114	P11047	NA
ENST00000530453	P11117	NA
ENST00000530391	P11142	NA
ENST00000474765	P11177	NA
ENST00000428458	P11216	NA
ENST00000332556	P11279	NA
ENST00000541113	P11310	NA
ENST00000393562	P11413	NA
ENST00000626055	P11766	NA
ENST00000518293	P11940	NA
ENST00000612273	P12109	NA
ENST00000347401	P12111	NA
ENST00000281456	P12235	NA
ENST00000557530	P12277	NA
ENST00000508214	P12429	NA
ENST00000553659	P12814	NA
ENST00000354968	P12829	NA
ENST00000355349	P12883	NA
ENST00000428575	P12956	NA
ENST00000392132	P13010	NA
ENST00000564903	P13073	NA
ENST00000371335	P13473	NA
ENST00000618184	P13489	NA
ENST00000405093	P13533	NA
ENST00000615285	P13591	NA
ENST00000309311	P13639	NA
ENST00000269576	P13645	NA
ENST00000546577	P13647	NA
ENST00000413966	P13667	NA
ENST00000263556	P13674	NA
ENST00000616577	P13693	NA
ENST00000420625	P13797	NA
ENST00000457042	P13798	NA
ENST00000559386	P13804	NA
ENST00000594220	P13807	NA
ENST00000419216	P13861	NA
ENST00000518175	P13929	NA
ENST00000215754	P14174	NA
ENST00000589838	P14314	NA
ENST00000264187	P14543	NA
ENST00000568883	P14618	NA
ENST00000640977	P14625	NA
ENST00000590618	P14854	NA
ENST00000635025	P14866	NA
ENST00000449218	P14868	NA
ENST00000465293	P14923	NA
ENST00000523920	P14927	NA
ENST00000285930	P15121	NA
ENST00000562169	P15170	NA
ENST00000392177	P15311	NA
ENST00000545273	P15586	NA
ENST00000563194	P15880	NA
ENST00000418664	P15924	NA
ENST00000639002	P16070	NA
ENST00000331442	P16401	NA
ENST00000552636	P16615	NA
ENST00000399728	P16949	NA
ENST00000447654	P17096	NA
ENST00000370508	P17174	NA
ENST00000437669	P17540	NA
ENST00000589284	P17612	NA
ENST00000433674	P17655	NA
ENST00000630471	P17844	NA
ENST00000523004	P17900	NA
ENST00000554715	P17931	NA
ENST00000536394	P17987	NA
ENST00000436812	P18065	NA
ENST00000442341	P18077	NA
ENST00000488156	P18085	NA
ENST00000372755	P18206	NA
ENST00000578528	P18621	NA
ENST00000334828	P18669	NA
ENST00000413878	P19022	NA
ENST00000622580	P19237	NA
ENST00000436894	P19338	NA
ENST00000360289	P19367	NA
ENST00000487300	P19623	NA
ENST00000379587	P19823	NA
ENST00000374980	P20042	NA
ENST00000394847	P20073	NA
ENST00000262193	P20618	NA
ENST00000564811	P20674	NA
ENST00000395354	P20700	NA
ENST00000261336	P20742	NA
ENST00000619580	P20962	NA
ENST00000540225	P21266	NA
ENST00000519667	P21281	NA
ENST00000340006	P21291	NA
ENST00000610817	P21333	NA
ENST00000541043	P21399	NA
ENST00000425992	P21796	NA
ENST00000431891	P21810	NA
ENST00000463045	P21912	NA
ENST00000453095	P21980	NA
ENST00000629982	P22087	NA
ENST00000441403	P22102	NA
ENST00000264221	P22234	NA
ENST00000640998	P22307	NA
ENST00000377269	P22314	NA
ENST00000393190	P22392	NA
ENST00000618183	P22626	NA
ENST00000640255	P22695	NA
ENST00000357214	P23246	NA
ENST00000300026	P23284	NA
ENST00000595625	P23327	NA
ENST00000627608	P23381	NA
ENST00000538132	P23526	NA
ENST00000308162	P23528	NA
ENST00000552490	P23588	NA
ENST00000637452	P24534	NA
ENST00000483994	P24539	NA
ENST00000528370	P24752	NA
ENST00000535648	P24821	NA
ENST00000628507	P25325	NA
ENST00000230050	P25398	NA
ENST00000282050	P25705	NA
ENST00000532256	P25786	NA
ENST00000445517	P25787	NA
ENST00000553677	P25788	NA
ENST00000558094	P25789	NA
ENST00000360270	P26038	NA
ENST00000472354	P26373	NA
ENST00000506267	P26583	NA
ENST00000329251	P26641	NA
ENST00000357525	P26678	NA
ENST00000538954	P27105	NA
ENST00000446619	P27348	NA
ENST00000438886	P27695	NA
ENST00000586760	P27797	NA
ENST00000468075	P27816	NA
ENST00000638713	P27824	NA
ENST00000538610	P28066	NA
ENST00000290541	P28070	NA
ENST00000614486	P28072	NA
ENST00000425762	P28074	NA
ENST00000369827	P28161	NA
ENST00000395211	P28289	NA
ENST00000637907	P28331	NA
ENST00000544786	P28482	NA
ENST00000639447	P28799	NA
ENST00000618908	P28838	NA
ENST00000518202	P29218	NA
ENST00000296289	P29401	NA
ENST00000618139	P29692	NA
ENST00000538839	P30038	NA
ENST00000546477	P30040	NA
ENST00000340385	P30041	NA
ENST00000449622	P30042	NA
ENST00000347941	P30044	NA
ENST00000430101	P30046	NA
ENST00000298510	P30048	NA
ENST00000591249	P30049	NA
ENST00000536368	P30050	NA
ENST00000368547	P30084	NA
ENST00000261313	P30086	NA
ENST00000300289	P30101	NA
ENST00000628959	P30153	NA
ENST00000448165	P30405	NA
ENST00000431660	P30626	NA
ENST00000380739	P30740	NA
ENST00000617470	P31040	NA
ENST00000630693	P31150	NA
ENST00000639737	P31323	NA
ENST00000203407	P31930	NA
ENST00000425715	P31937	NA
ENST00000426233	P31939	NA
ENST00000354695	P31942	NA
ENST00000630639	P31943	NA
ENST00000445830	P31946	NA
ENST00000540887	P31948	NA
ENST00000271638	P31949	NA
ENST00000301522	P32119	NA
ENST00000406391	P32418	NA
ENST00000622937	P33121	NA
ENST00000302418	P33176	NA
ENST00000557529	P34897	NA
ENST00000617074	P34932	NA
ENST00000461868	P35080	NA
ENST00000540387	P35221	NA
ENST00000644906	P35222	NA
ENST00000617874	P35232	NA
ENST00000644875	P35237	NA
ENST00000343115	P35241	NA
ENST00000588431	P35527	NA
ENST00000370161	P35573	NA
ENST00000456729	P35579	NA
ENST00000514508	P35606	NA
ENST00000366578	P35609	NA
ENST00000446856	P35611	NA
ENST00000576984	P35613	NA
ENST00000568685	P35637	NA
ENST00000512469	P35754	NA
ENST00000309680	P35908	NA
ENST00000640277	P35998	NA
ENST00000335698	P36542	NA
ENST00000264193	P36551	NA
ENST00000569438	P36578	NA
ENST00000587365	P36776	NA
ENST00000540265	P36871	NA
ENST00000626051	P36957	NA
ENST00000559081	P37108	NA
ENST00000397334	P37802	NA
ENST00000528097	P37837	NA
ENST00000596253	P38117	NA
ENST00000565438	P38159	NA
ENST00000475322	P38606	NA
ENST00000507886	P38646	NA
ENST00000427905	P39023	NA
ENST00000415136	P39656	NA
ENST00000560303	P39687	NA
ENST00000611958	P40123	NA
ENST00000335503	P40227	NA
ENST00000621674	P40429	NA
ENST00000544381	P40925	NA
ENST00000432020	P40926	NA
ENST00000645274	P40939	NA
ENST00000627489	P41250	NA
ENST00000566379	P42126	NA
ENST00000540176	P42224	NA
ENST00000447246	P42704	NA
ENST00000586100	P42765	NA
ENST00000629845	P42766	NA
ENST00000574468	P43034	NA
ENST00000455830	P43155	NA
ENST00000620916	P43243	NA
ENST00000462112	P43307	NA
ENST00000417537	P43490	NA
ENST00000226355	P43652	NA
ENST00000630857	P43686	NA
ENST00000367315	P45379	NA
ENST00000543351	P45880	NA
ENST00000358776	P45954	NA
ENST00000542087	P45974	NA
ENST00000530913	P46776	NA
ENST00000315741	P46777	NA
ENST00000493317	P46778	NA
ENST00000558752	P46779	NA
ENST00000625297	P46781	NA
ENST00000644393	P46783	NA
ENST00000504492	P46821	NA
ENST00000639546	P47755	NA
ENST00000264202	P47756	NA
ENST00000453392	P47897	NA
ENST00000481629	P47914	NA
ENST00000418933	P48047	NA
ENST00000448705	P48147	NA
ENST00000625723	P48643	NA
ENST00000368223	P48681	NA
ENST00000540499	P48735	NA
ENST00000394668	P49207	NA
ENST00000636968	P49327	NA
ENST00000415548	P49368	NA
ENST00000453233	P49406	NA
ENST00000509270	P49419	NA
ENST00000626563	P49458	NA
ENST00000443555	P49585	NA
ENST00000565361	P49588	NA
ENST00000369923	P49591	NA
ENST00000621781	P49721	NA
ENST00000579546	P49748	NA
ENST00000303575	P49755	NA
ENST00000520028	P49773	NA
ENST00000528314	P49821	NA
ENST00000629769	P50213	NA
ENST00000392531	P50238	NA
ENST00000609712	P50395	NA
ENST00000380698	P50453	NA
ENST00000525876	P50454	NA
ENST00000265968	P50461	NA
ENST00000590603	P50552	NA
ENST00000591818	P50570	NA
ENST00000591520	P50895	NA
ENST00000416518	P50914	NA
ENST00000540844	P50990	NA
ENST00000544079	P50991	NA
ENST00000265447	P50995	NA
ENST00000485280	P51149	NA
ENST00000590935	P51452	NA
ENST00000619865	P51553	NA
ENST00000370085	P51571	NA
ENST00000646646	P51659	NA
ENST00000537739	P51858	NA
ENST00000588935	P51911	NA
ENST00000373768	P51970	NA
ENST00000432457	P51991	NA
ENST00000400569	P52179	NA
ENST00000620401	P52272	NA
ENST00000583868	P52565	NA
ENST00000443950	P52597	NA
ENST00000333676	P52815	NA
ENST00000263168	P52907	NA
ENST00000483017	P52943	NA
ENST00000625963	P53582	NA
ENST00000393868	P53597	NA
ENST00000241704	P53621	NA
ENST00000529974	P53634	NA
ENST00000510442	P53999	NA
ENST00000626454	P54136	NA
ENST00000616261	P54577	NA
ENST00000581983	P54578	NA
ENST00000416373	P54727	NA
ENST00000592454	P54802	NA
ENST00000626911	P54819	NA
ENST00000597118	P54920	NA
ENST00000453615	P55036	NA
ENST00000417448	P55072	NA
ENST00000545822	P55084	NA
ENST00000261182	P55209	NA
ENST00000494831	P55268	NA
ENST00000432213	P55735	NA
ENST00000528565	P55786	NA
ENST00000316594	P55795	NA
ENST00000509987	P55809	NA
ENST00000523680	P56134	NA
ENST00000630803	P56192	NA
ENST00000304312	P56385	NA
ENST00000433034	P59998	NA
ENST00000535434	P60174	NA
ENST00000518345	P60228	NA
ENST00000548293	P60660	NA
ENST00000583389	P60842	NA
ENST00000628955	P60900	NA
ENST00000368809	P60903	NA
ENST00000400259	P60953	NA
ENST00000474024	P60981	NA
ENST00000452437	P61019	NA
ENST00000264710	P61026	NA
ENST00000535589	P61158	NA
ENST00000542850	P61160	NA
ENST00000487599	P61163	NA
ENST00000510993	P61247	NA
ENST00000578812	P61254	NA
ENST00000611050	P61313	NA
ENST00000586277	P61353	NA
ENST00000441179	P61513	NA
ENST00000445425	P61586	NA
ENST00000409468	P61604	NA
ENST00000555592	P61916	NA
ENST00000568396	P61970	NA
ENST00000376263	P61978	NA
ENST00000307630	P61981	NA
ENST00000406376	P62081	NA
ENST00000542876	P62136	NA
ENST00000375812	P62195	NA
ENST00000372209	P62241	NA
ENST00000599705	P62249	NA
ENST00000626999	P62258	NA
ENST00000642507	P62263	NA
ENST00000511844	P62266	NA
ENST00000557519	P62273	NA
ENST00000533969	P62277	NA
ENST00000599561	P62280	NA
ENST00000552085	P62306	NA
ENST00000590212	P62316	NA
ENST00000402849	P62318	NA
ENST00000612399	P62333	NA
ENST00000627260	P62424	NA
ENST00000507939	P62495	NA
ENST00000512338	P62633	NA
ENST00000316084	P62701	NA
ENST00000578181	P62750	NA
ENST00000380381	P62753	NA
ENST00000579512	P62805	NA
ENST00000409751	P62820	NA
ENST00000392367	P62826	NA
ENST00000378096	P62829	NA
ENST00000585665	P62841	NA
ENST00000628770	P62851	NA
ENST00000646449	P62854	NA
ENST00000615252	P62873	NA
ENST00000393924	P62879	NA
ENST00000521726	P62888	NA
ENST00000441435	P62899	NA
ENST00000322203	P62906	NA
ENST00000396957	P62910	NA
ENST00000458455	P62913	NA
ENST00000532702	P62917	NA
ENST00000620047	P62937	NA
ENST00000439640	P62942	NA
ENST00000639844	P62979	NA
ENST00000342294	P62995	NA
ENST00000356142	P63000	NA
ENST00000628168	P63010	NA
ENST00000395958	P63104	NA
ENST00000552870	P63167	NA
ENST00000533498	P63173	NA
ENST00000523359	P63208	NA
ENST00000450116	P63220	NA
ENST00000416016	P63241	NA
ENST00000626067	P63244	NA
ENST00000523082	P67775	NA
ENST00000436427	P67809	NA
ENST00000290378	P68032	NA
ENST00000340384	P68371	NA
ENST00000397797	P69905	NA
ENST00000543146	P78371	NA
ENST00000369710	P78417	NA
ENST00000540819	P78527	NA
ENST00000616743	P80723	NA
ENST00000552080	P82979	NA
ENST00000469605	P83731	NA
ENST00000555373	P84090	NA
ENST00000620941	P84103	NA
ENST00000644714	P98160	NA
ENST00000413447	P99999	NA
ENST00000228318	Q00325	NA
ENST00000621829	Q00610	NA
ENST00000396062	Q00688	NA
ENST00000558580	Q00796	NA
ENST00000483966	Q00839	NA
ENST00000615901	Q01082	NA
ENST00000358156	Q01130	NA
ENST00000431007	Q01449	NA
ENST00000396359	Q01469	NA
ENST00000612754	Q01484	NA
ENST00000446031	Q01518	NA
ENST00000433193	Q01813	NA
ENST00000529622	Q01995	NA
ENST00000631326	Q02218	NA
ENST00000611174	Q02224	NA
ENST00000599870	Q02543	NA
ENST00000548343	Q02878	NA
ENST00000576951	Q02978	NA
ENST00000614113	Q03135	NA
ENST00000325327	Q03252	NA
ENST00000489715	Q04446	NA
ENST00000373365	Q04760	NA
ENST00000612337	Q04837	NA
ENST00000420430	Q04917	NA
ENST00000646335	Q05639	NA
ENST00000621946	Q06033	NA
ENST00000357308	Q06210	NA
ENST00000643169	Q06323	NA
ENST00000262746	Q06830	NA
ENST00000550973	Q07020	NA
ENST00000553039	Q07065	NA
ENST00000631203	Q07157	NA
ENST00000492989	Q07666	NA
ENST00000555124	Q07954	NA
ENST00000258962	Q07955	NA
ENST00000525488	Q07960	NA
ENST00000367549	Q08211	NA
ENST00000417775	Q08257	NA
ENST00000591274	Q08380	NA
ENST00000531324	Q09666	NA
ENST00000330010	Q0ZGT2	NA
ENST00000445642	Q12797	NA
ENST00000442366	Q12904	NA
ENST00000615950	Q12905	NA
ENST00000449870	Q12906	NA
ENST00000571538	Q12931	NA
ENST00000503925	Q12955	NA
ENST00000634309	Q13011	NA
ENST00000638264	Q13148	NA
ENST00000314940	Q13151	NA
ENST00000439422	Q13162	NA
ENST00000432855	Q13200	NA
ENST00000554021	Q13243	NA
ENST00000244020	Q13247	NA
ENST00000597136	Q13263	NA
ENST00000531243	Q13310	NA
ENST00000373586	Q13347	NA
ENST00000627400	Q13418	NA
ENST00000503651	Q13423	NA
ENST00000377797	Q13428	NA
ENST00000630913	Q13492	NA
ENST00000625617	Q13509	NA
ENST00000262097	Q13510	NA
ENST00000296402	Q13557	NA
ENST00000543672	Q13561	NA
ENST00000621813	Q13595	NA
ENST00000394153	Q13642	NA
ENST00000630981	Q13813	NA
ENST00000425047	Q13838	NA
ENST00000628979	Q14011	NA
ENST00000509107	Q14103	NA
ENST00000617139	Q14112	NA
ENST00000394610	Q14141	NA
ENST00000541549	Q14152	NA
ENST00000358129	Q14192	NA
ENST00000512574	Q14194	NA
ENST00000512722	Q14195	NA
ENST00000628224	Q14203	NA
ENST00000647204	Q14204	NA
ENST00000498746	Q14240	NA
ENST00000529736	Q14247	NA
ENST00000465427	Q14254	NA
ENST00000346177	Q14315	NA
ENST00000529307	Q14444	NA
ENST00000540933	Q14697	NA
ENST00000629059	Q14764	NA
ENST00000399249	Q14896	NA
ENST00000407693	Q14914	NA
ENST00000583013	Q14974	NA
ENST00000295952	Q14BN4	NA
ENST00000394431	Q15008	NA
ENST00000616972	Q15019	NA
ENST00000426333	Q15029	NA
ENST00000541481	Q15063	NA
ENST00000549790	Q15075	NA
ENST00000381611	Q15084	NA
ENST00000431583	Q15124	NA
ENST00000528131	Q15149	NA
ENST00000625364	Q15181	NA
ENST00000614328	Q15185	NA
ENST00000535149	Q15233	NA
ENST00000532721	Q15293	NA
ENST00000509052	Q15363	NA
ENST00000303577	Q15365	NA
ENST00000437231	Q15366	NA
ENST00000622804	Q15369	NA
ENST00000572954	Q15370	NA
ENST00000569687	Q15393	NA
ENST00000625395	Q15436	NA
ENST00000444440	Q15459	NA
ENST00000503087	Q15582	NA
ENST00000626028	Q15637	NA
ENST00000375571	Q15691	NA
ENST00000593807	Q15717	NA
ENST00000644053	Q15843	NA
ENST00000647142	Q15942	NA
ENST00000307738	Q16134	NA
ENST00000543627	Q16531	NA
ENST00000523027	Q16555	NA
ENST00000446327	Q16629	NA
ENST00000514833	Q16643	NA
ENST00000405801	Q16658	NA
ENST00000520227	Q16698	NA
ENST00000618945	Q16718	NA
ENST00000391865	Q16774	NA
ENST00000626637	Q16836	NA
ENST00000613823	Q16851	NA
ENST00000620815	Q16891	NA
ENST00000301785	Q1KMD3	NA
ENST00000624900	Q2M2I8	NA
ENST00000536476	Q32MK0	NA
ENST00000413687	Q3KP66	NA
ENST00000559431	Q52LJ0	NA
ENST00000629667	Q53GG5	NA
ENST00000370447	Q5BKZ1	NA
ENST00000447964	Q5JTV8	NA
ENST00000251691	Q5TH69	NA
ENST00000570156	Q5VST9	NA
ENST00000514433	Q5VWP3	NA
ENST00000538404	Q6IAA8	NA
ENST00000394815	Q6KB66	NA
ENST00000357037	Q6NZI2	NA
ENST00000615972	Q6P587	NA
ENST00000291906	Q6P5Z2	NA
ENST00000398803	Q6YN16	NA
ENST00000300069	Q6ZRY4	NA
ENST00000421646	Q702N8	NA
ENST00000550811	Q71U36	NA
ENST00000486037	Q7KZF4	NA
ENST00000579155	Q7Z4W1	NA
ENST00000521376	Q86SE5	NA
ENST00000557556	Q86TX2	NA
ENST00000555498	Q86UP2	NA
ENST00000308961	Q86Y39	NA
ENST00000368801	Q86YZ3	NA
ENST00000591048	Q8IWX7	NA
ENST00000378251	Q8N1G4	NA
ENST00000438570	Q8NB12	NA
ENST00000473453	Q8NBS9	NA
ENST00000370990	Q8NC51	NA
ENST00000368233	Q8NCW5	NA
ENST00000413169	Q8NDY3	NA
ENST00000446408	Q8NE79	NA
ENST00000280800	Q8NHP8	NA
ENST00000620554	Q8TCU6	NA
ENST00000457054	Q8WUM4	NA
ENST00000434713	Q8WVM7	NA
ENST00000378915	Q8WVV9	NA
ENST00000619300	Q8WXF1	NA
ENST00000615779	Q8WZ42	NA
ENST00000617198	Q92499	NA
ENST00000333762	Q92522	NA
ENST00000339399	Q92688	NA
ENST00000420892	Q92743	NA
ENST00000262942	Q92747	NA
ENST00000640668	Q92841	NA
ENST00000395290	Q92879	NA
ENST00000627032	Q92896	NA
ENST00000565426	Q92901	NA
ENST00000254480	Q92922	NA
ENST00000619396	Q92945	NA
ENST00000605210	Q92973	NA
ENST00000530979	Q969G5	NA
ENST00000589080	Q96AB3	NA
ENST00000343279	Q96AC1	NA
ENST00000421641	Q96AE4	NA
ENST00000455106	Q96AY3	NA
ENST00000598676	Q96B54	NA
ENST00000614750	Q96BM9	NA
ENST00000502667	Q96CM8	NA
ENST00000173527	Q96CN7	NA
ENST00000592453	Q96EP5	NA
ENST00000422031	Q96FW1	NA
ENST00000615540	Q96HC4	NA
ENST00000492795	Q96I99	NA
ENST00000579624	Q96KP4	NA
ENST00000409738	Q96PK6	NA
ENST00000640313	Q96QK1	NA
ENST00000391771	Q96S97	NA
ENST00000441097	Q99436	NA
ENST00000619128	Q99460	NA
ENST00000469225	Q99497	NA
ENST00000380464	Q99541	NA
ENST00000392622	Q99584	NA
ENST00000399433	Q99623	NA
ENST00000409334	Q99627	NA
ENST00000375298	Q99714	NA
ENST00000620138	Q99733	NA
ENST00000396512	Q99798	NA
ENST00000435747	Q99829	NA
ENST00000626868	Q99832	NA
ENST00000546741	Q99959	NA
ENST00000639419	Q9BQE3	NA
ENST00000627576	Q9BR76	NA
ENST00000574838	Q9BRA2	NA
ENST00000262455	Q9BS26	NA
ENST00000511653	Q9BT78	NA
ENST00000586691	Q9BUF5	NA
ENST00000617305	Q9BUJ2	NA
ENST00000612235	Q9BY67	NA
ENST00000592993	Q9BZL4	NA
ENST00000527397	Q9H0U4	NA
ENST00000220325	Q9H223	NA
ENST00000502596	Q9H2U2	NA
ENST00000437527	Q9H3G5	NA
ENST00000621096	Q9H4M9	NA
ENST00000606523	Q9H987	NA
ENST00000547864	Q9HB07	NA
ENST00000374846	Q9NP97	NA
ENST00000307128	Q9NPC6	NA
ENST00000583534	Q9NPH2	NA
ENST00000402434	Q9NQC3	NA
ENST00000427646	Q9NR45	NA
ENST00000281828	Q9NSD9	NA
ENST00000536055	Q9NVI7	NA
ENST00000425583	Q9NX40	NA
ENST00000481152	Q9NX63	NA
ENST00000628517	Q9NYF8	NA
ENST00000418197	Q9NYU2	NA
ENST00000333926	Q9NZ45	NA
ENST00000544153	Q9NZA1	NA
ENST00000431824	Q9NZI8	NA
ENST00000538399	Q9NZN4	NA
ENST00000428459	Q9P0J0	NA
ENST00000506376	Q9P0K7	NA
ENST00000340541	Q9P0L0	NA
ENST00000455786	Q9P0M6	NA
ENST00000643246	Q9P2R7	NA
ENST00000447578	Q9UBQ0	NA
ENST00000607784	Q9UBQ7	NA
ENST00000406363	Q9UBY9	NA
ENST00000632729	Q9UHD8	NA
ENST00000451279	Q9UHG3	NA
ENST00000646008	Q9UHP9	NA
ENST00000446185	Q9UHQ9	NA
ENST00000647380	Q9UII2	NA
ENST00000611749	Q9UIJ7	NA
ENST00000490734	Q9UJU6	NA
ENST00000619795	Q9UJZ1	NA
ENST00000442805	Q9UKM9	NA
ENST00000374752	Q9UKU7	NA
ENST00000622564	Q9UKX2	NA
ENST00000420959	Q9ULV4	NA
ENST00000546152	Q9UMS4	NA
ENST00000350792	Q9UN36	NA
ENST00000621534	Q9UNM6	NA
ENST00000216879	Q9UNZ2	NA
ENST00000422234	Q9UPN3	NA
ENST00000551061	Q9UQ80	NA
ENST00000553362	Q9Y224	NA
ENST00000639391	Q9Y230	NA
ENST00000244669	Q9Y235	NA
ENST00000646091	Q9Y265	NA
ENST00000022615	Q9Y277	NA
ENST00000556161	Q9Y281	NA
ENST00000551286	Q9Y2B0	NA
ENST00000259318	Q9Y2D5	NA
ENST00000342933	Q9Y2J2	NA
ENST00000479303	Q9Y2Q3	NA
ENST00000492081	Q9Y305	NA
ENST00000541170	Q9Y383	NA
ENST00000538718	Q9Y3F4	NA
ENST00000216038	Q9Y3I0	NA
ENST00000394580	Q9Y3U8	NA
ENST00000314888	Q9Y490	NA
ENST00000626494	Q9Y4L1	NA
ENST00000590811	Q9Y4W6	NA
ENST00000591871	Q9Y5L4	NA
ENST00000255381	Q9Y623	NA
ENST00000567198	Q9Y639	NA
ENST00000509889	Q9Y678	NA
ENST00000374379	Q9Y696	NA
ENST00000433140	Q9Y6C2	NA
ENST00000642838	Q9Y6C9	NA
ENST00000397517	Q9Y6E0	NA
ENST00000452975	Q9Y6E2	NA
ENST00000421047	Q9Y6M1	NA
ENST00000517367	Q9Y6M9	NA
ENST00000526309	O00330	NA
ENST00000469350	O00469	NA
ENST00000627278	O14744	NA
ENST00000627653	O14880	NA
ENST00000506765	O43181	NA
ENST00000393086	O43236	NA
ENST00000379213	O43815	NA
ENST00000372967	O43920	NA
ENST00000361150	O60313	NA
ENST00000435267	O60888	NA
ENST00000289656	O75147	NA
ENST00000563391	O75208	NA
ENST00000510038	O75367	NA
ENST00000469176	O75380	NA
ENST00000536248	O75822	NA
ENST00000340200	O75832	NA
ENST00000410041	O75923	NA
ENST00000332231	O94973	NA
ENST00000490776	O95302	NA
ENST00000600651	O95571	NA
ENST00000411938	O95777	NA
ENST00000322067	O95861	NA
ENST00000570172	O96000	NA
ENST00000167586	P02533	NA
ENST00000630701	P02656	NA
ENST00000619352	P05204	NA
ENST00000505992	P06730	NA
ENST00000529133	P07384	NA
ENST00000342020	P07711	NA
ENST00000569616	P07741	NA
ENST00000318911	P08574	NA
ENST00000601411	P08621	NA
ENST00000547197	P08648	NA
ENST00000420846	P08962	NA
ENST00000512587	P10155	NA
ENST00000246792	P10301	NA
ENST00000164139	P11217	NA
ENST00000436179	P11233	NA
ENST00000389722	P11277	NA
ENST00000544905	P12694	NA
ENST00000343200	P13611	NA
ENST00000534312	P13987	NA
ENST00000564043	P15559	NA
ENST00000399191	P16152	NA
ENST00000544622	P16989	NA
ENST00000402937	P17050	NA
ENST00000619920	P17980	NA
ENST00000400093	P18859	NA
ENST00000422242	P20339	NA
ENST00000395813	P20810	NA
ENST00000428707	P21964	NA
ENST00000274813	P22033	NA
ENST00000460300	P23142	NA
ENST00000640965	P23368	NA
ENST00000405233	P24666	NA
ENST00000346786	P24844	NA
ENST00000506827	P26006	NA
ENST00000395334	P27144	NA
ENST00000263368	P30043	NA
ENST00000498234	P30566	NA
ENST00000504470	P32969	NA
ENST00000465335	P35268	NA
ENST00000269243	P35580	NA
ENST00000413576	P36543	NA
ENST00000576547	P38919	NA
ENST00000423068	P41091	NA
ENST00000430524	P43487	NA
ENST00000560373	P46940	NA
ENST00000627418	P46976	NA
ENST00000620216	P48556	NA
ENST00000451957	P48637	NA
ENST00000251047	P49257	NA
ENST00000629893	P49321	NA
ENST00000532192	P49756	NA
ENST00000559885	P50440	NA
ENST00000482125	P51114	NA
ENST00000460189	P52209	NA
ENST00000457085	P52788	NA
ENST00000534771	P53618	NA
ENST00000634508	P53992	NA
ENST00000356253	P54289	NA
ENST00000558506	P55010	NA
ENST00000397011	P55884	NA
ENST00000628198	P56556	NA
ENST00000618656	P60866	NA
ENST00000628569	P61020	NA
ENST00000596985	P61081	NA
ENST00000502586	P61221	NA
ENST00000550713	P61923	NA
ENST00000358506	P62140	NA
ENST00000543772	P62191	NA
ENST00000494232	P62269	NA
ENST00000306024	P62310	NA
ENST00000435275	P62847	NA
ENST00000600659	P62857	NA
ENST00000233143	P63313	NA
ENST00000496590	P63316	NA
ENST00000592138	P67936	NA
ENST00000458578	P68036	NA
ENST00000366683	P68133	NA
ENST00000425551	P68366	NA
ENST00000419197	P68402	NA
ENST00000264638	P78357	NA
ENST00000614077	P83881	NA
ENST00000415666	P84085	NA
ENST00000331327	Q00577	NA
ENST00000244573	Q02539	NA
ENST00000566326	Q02750	NA
ENST00000196061	Q02809	NA
ENST00000424608	Q02818	NA
ENST00000380859	Q04828	NA
ENST00000370949	Q05519	NA
ENST00000393118	Q05682	NA
ENST00000576122	Q07021	NA
ENST00000631335	Q12765	NA
ENST00000513877	Q12907	NA
ENST00000530981	Q13435	NA
ENST00000640957	Q14108	NA
ENST00000570215	Q15046	NA
ENST00000353999	Q15056	NA
ENST00000538771	Q15102	NA
ENST00000439519	Q15118	NA
ENST00000562473	Q15274	NA
ENST00000415769	Q15435	NA
ENST00000569339	Q16775	NA
ENST00000540688	Q16795	NA
ENST00000397054	Q32P28	NA
ENST00000451104	Q5JRX3	NA
ENST00000563341	Q6FI81	NA
ENST00000418625	Q7L5N1	NA
ENST00000630307	Q86TU7	NA
ENST00000545606	Q86VP6	NA
ENST00000333244	Q8IVF2	NA
ENST00000284563	Q8N8S7	NA
ENST00000391974	Q8TDX7	NA
ENST00000627393	Q8WW12	NA
ENST00000636100	Q92614	NA
ENST00000617246	Q93052	NA
ENST00000520191	Q93062	NA
ENST00000503118	Q96AG4	NA
ENST00000438759	Q96C01	NA
ENST00000521045	Q96DB5	NA
ENST00000579991	Q96FJ2	NA
ENST00000544361	Q96PU8	NA
ENST00000587062	Q99536	NA
ENST00000269886	Q99961	NA
ENST00000415100	Q9BPW8	NA
ENST00000258975	Q9BSH4	NA
ENST00000647217	Q9BTZ2	NA
ENST00000254528	Q9BXX0	NA
ENST00000613856	Q9GZT3	NA
ENST00000319041	Q9H299	NA
ENST00000217402	Q9H444	NA
ENST00000277462	Q9H7Z7	NA
ENST00000615025	Q9HBL0	NA
ENST00000468801	Q9HBU9	NA
ENST00000537591	Q9NPJ3	NA
ENST00000626818	Q9NPQ8	NA
ENST00000443649	Q9NR28	NA
ENST00000247665	Q9NRX4	NA
ENST00000366922	Q9NSE4	NA
ENST00000629399	Q9NU22	NA
ENST00000575878	Q9NUU7	NA
ENST00000611208	Q9NVJ2	NA
ENST00000322054	Q9NZN3	NA
ENST00000442746	Q9P0V9	NA
ENST00000274562	Q9P2J5	NA
ENST00000634491	Q9UBQ5	NA
ENST00000217131	Q9UBR2	NA
ENST00000265028	Q9UBS4	NA
ENST00000355999	Q9UEW8	NA
ENST00000393484	Q9UGI8	NA
ENST00000533162	Q9UHX1	NA
ENST00000426398	Q9UKA9	NA
ENST00000583160	Q9UNS2	NA
ENST00000587981	Q9Y285	NA
ENST00000478853	Q9Y2W1	NA
ENST00000310528	Q9Y2Z0	NA
ENST00000535010	Q9Y371	NA
ENST00000508420	Q9Y3B3	NA
ENST00000435848	Q9Y3D6	NA
ENST00000350028	Q9Y512	NA
ENST00000379144	Q9Y5K3	NA
ENST00000424991	Q9Y6G9	NA
ENST00000415905	O00743	NA
ENST00000613358	O15173	NA
ENST00000587194	O43776	NA
ENST00000392179	O75306	NA
ENST00000528164	O95298	NA
ENST00000629763	P02753	NA
ENST00000482271	P02787	NA
ENST00000600966	P04217	NA
ENST00000406799	P05546	NA
ENST00000310645	P12110	NA
ENST00000373960	P17661	NA
ENST00000617695	P24043	NA
ENST00000395795	P48061	NA
ENST00000614498	P48444	NA
ENST00000393577	P52926	NA
ENST00000424330	P53004	NA
ENST00000374443	P56537	NA
ENST00000544417	P61769	NA
ENST00000542791	P82673	NA
ENST00000582193	P84098	NA
ENST00000630279	Q02790	NA
ENST00000359755	Q02952	NA
ENST00000444897	Q10713	NA
ENST00000422646	Q13409	NA
ENST00000217381	Q13424	NA
ENST00000333628	Q13885	NA
ENST00000397370	Q14498	NA
ENST00000589006	Q15424	NA
ENST00000536142	Q15631	NA
ENST00000361951	Q6PI48	NA
ENST00000341809	Q7Z794	NA
ENST00000541150	Q86XR8	NA
ENST00000560447	Q92541	NA
ENST00000620483	Q92599	NA
ENST00000506963	Q9H9B4	NA
ENST00000538820	Q9UKP3	NA
ENST00000555097	Q9Y5J7	NA
ENST00000437630	O00487	NA
ENST00000646101	O15143	NA
ENST00000601681	O15382	NA
ENST00000489286	O43488	NA
ENST00000519638	O94905	NA
ENST00000302787	O95202	NA
ENST00000432598	O95445	NA
ENST00000458574	O95563	NA
ENST00000359032	O95782	NA
ENST00000418964	P00747	NA
ENST00000618255	P04222	NA
ENST00000340857	P07305	NA
ENST00000419493	P10619	NA
ENST00000460369	P11166	NA
ENST00000504691	P19021	NA
ENST00000172853	P20929	NA
ENST00000627714	P26599	NA
ENST00000434082	P30613	NA
ENST00000593863	P39019	NA
ENST00000588065	P40763	NA
ENST00000354336	P46109	NA
ENST00000455418	P48739	NA
ENST00000533336	P49354	NA
ENST00000369835	P50402	NA
ENST00000256366	P57105	NA
ENST00000415557	P62736	NA
ENST00000602380	P82909	NA
ENST00000394202	Q15417	NA
ENST00000298858	Q7Z3D6	NA
ENST00000555295	Q86U42	NA
ENST00000369301	Q8NBF2	NA
ENST00000309352	Q96DV4	NA
ENST00000332598	Q9BVK6	NA
ENST00000296098	Q9BYV2	NA
ENST00000536578	Q9HC38	NA
ENST00000393189	Q9HCH3	NA
ENST00000545309	Q9UI47	NA
ENST00000646870	Q9UL46	NA
